{"cameraMode":{"drawMode":0,"name":"Shaded","section":"Shading Mode"},"sceneLighting":false,"audioPlay":false,"sceneViewState":{"showFog":true,"showMaterialUpdate":false,"showSkybox":false,"showFlares":true,"showImageEffects":true,"showParticleSystems":true},"in2DMode":false,"pivot":{"x":-0.0013789981603622437,"y":0.01446128636598587,"z":0.09663768112659455},"rotation":{"x":-0.1212967112660408,"y":0.6982370615005493,"z":-0.121878981590271,"w":-0.6949189901351929},"size":1.976468801498413,"orthographic":false}