{"cameraMode":{"drawMode":0,"name":"Shaded","section":"Shading Mode"},"sceneLighting":true,"audioPlay":false,"sceneViewState":{"showFog":true,"showMaterialUpdate":false,"showSkybox":true,"showFlares":true,"showImageEffects":true,"showParticleSystems":true},"in2DMode":false,"pivot":{"x":-0.009442746639251709,"y":-0.8171172142028809,"z":-4.151467323303223},"rotation":{"x":-0.02249275892972946,"y":0.964073121547699,"z":-0.25008416175842287,"w":-0.08670958131551743},"size":2.503868579864502,"orthographic":false}