{"cameraMode":{"drawMode":0,"name":"Shaded","section":"Shading Mode"},"sceneLighting":true,"audioPlay":false,"sceneViewState":{"showFog":true,"showMaterialUpdate":false,"showSkybox":true,"showFlares":true,"showImageEffects":true,"showParticleSystems":true},"in2DMode":false,"pivot":{"x":-0.11534140259027481,"y":0.10958284139633179,"z":-1.3153935670852662},"rotation":{"x":0.017056941986083986,"y":0.9807537198066711,"z":-0.16664637625217439,"w":0.10036899894475937},"size":1.1035881042480469,"orthographic":false}