{"cameraMode":{"drawMode":0,"name":"Shaded","section":"Shading Mode"},"sceneLighting":false,"audioPlay":false,"sceneViewState":{"showFog":true,"showMaterialUpdate":false,"showSkybox":false,"showFlares":true,"showImageEffects":true,"showParticleSystems":true},"in2DMode":false,"pivot":{"x":-0.06294222921133042,"y":-0.011421474628150463,"z":0.006804279983043671},"rotation":{"x":-0.20336739718914033,"y":0.7133497595787048,"z":-0.23032693564891816,"w":-0.6298761367797852},"size":0.05340965464711189,"orthographic":false}