{"cameraMode":{"drawMode":0,"name":"Shaded","section":"Shading Mode"},"sceneLighting":false,"audioPlay":false,"sceneViewState":{"showFog":true,"showMaterialUpdate":false,"showSkybox":false,"showFlares":true,"showImageEffects":true,"showParticleSystems":true},"in2DMode":false,"pivot":{"x":0.0,"y":0.8647475838661194,"z":-0.005353003740310669},"rotation":{"x":-0.03923960402607918,"y":0.9583386778831482,"z":-0.23179063200950623,"w":-0.1622363179922104},"size":1.3542332649230958,"orthographic":false}