{"cameraMode":{"drawMode":0,"name":"Shaded","section":"Shading Mode"},"sceneLighting":true,"audioPlay":false,"sceneViewState":{"showFog":true,"showMaterialUpdate":false,"showSkybox":true,"showFlares":true,"showImageEffects":true,"showParticleSystems":true},"in2DMode":false,"pivot":{"x":424.1440734863281,"y":149.886474609375,"z":-51.69351577758789},"rotation":{"x":-0.2407808154821396,"y":0.03260156139731407,"z":-0.0080928485840559,"w":-0.9700020551681519},"size":69.74745178222656,"orthographic":false}