{"cameraMode":{"drawMode":0,"name":"Shaded","section":"Shading Mode"},"sceneLighting":false,"audioPlay":false,"sceneViewState":{"showFog":true,"showMaterialUpdate":false,"showSkybox":false,"showFlares":true,"showImageEffects":true,"showParticleSystems":true},"in2DMode":false,"pivot":{"x":0.14441721141338349,"y":0.32183170318603518,"z":-0.002811112441122532},"rotation":{"x":-0.003725683316588402,"y":0.9808098077774048,"z":-0.19403482973575593,"w":-0.01883309707045555},"size":0.15541282296180726,"orthographic":false}