{"cameraMode":{"drawMode":0,"name":"Shaded","section":"Shading Mode"},"sceneLighting":true,"audioPlay":false,"sceneViewState":{"showFog":true,"showMaterialUpdate":false,"showSkybox":true,"showFlares":true,"showImageEffects":true,"showParticleSystems":true},"in2DMode":false,"pivot":{"x":-0.44037872552871706,"y":-1.1600134372711182,"z":-3.8794572353363039},"rotation":{"x":-0.02249275892972946,"y":0.964073121547699,"z":-0.25008416175842287,"w":-0.08670958131551743},"size":2.1902015209198,"orthographic":false}